,title,manufacturer,price,unique_id
0,resume writer deluxe,,12.9,0
1,printshop 20 pro publisher,,34.9,1
2,geometry ( win/mac ) ( jewel case ) ( 10158 ),,9.59,2
3,power production power production storyboard artist v4 .2 software animation software,,749.0,3
4,adobe indesign cs3 for mac academic,,192.99,4
5,encore software 13871 tlc reader rabbit 1st grade learning system 2008,,17.97,5
6,microsoft windows vista business 32-bit oem,,149.99,6
7,adobe cs3 design premium upgrade,,619.99,7
8,adobe creative suite 3 ( cs3 ) design suite standard upgrade ( upsell ) mac,,859.96,8
9,29270077 adobe creative suite 3 web standard product upgrade package 1 user upgrade,,843.15,9
10,encore marine aquarium 2.0,,19.99,10
11,topics entertainment instant immersion hawaiian audio,,12.05,11
12,microsoft ( r ) access 2007,,109.99,12
13,apple ilife 06,,70.47,13
14,adobe cs3 design standard academic,,385.99,14
15,adobe cs3 design standard upgrade windows,,413.99,15
16,microsoft 164-04052,microsoft,90.24,16
17,garageband jampack rhythm section ( mac ) apple,,99.99,17
18,elementary school success deluxe 2006,,12.95,18
19,clifford the big red dog reading pack,,19.95,19
20,encore software 12380 high school advantage 2008 win 2000 xp vista,,34.97,20
21,intuit quickbooks premier professional services edition 2007 software win tax & finance software,,349.95,21
22,quickbooks simple start 2007 intuit,,99.99,22
23,encore software 10023 hoyle mahjongg ( win 98 me 2000 xp ),,7.47,23
24,sony creative software sound forge audio studio v. 8.0 complete product,,46.47,24
25,high school success deluxe 2006,,7.9,25
26,adobe indesign cs3 for mac upgrade,,205.99,26
27,sims 2 season expansion pack,,37.99,27
28,encore software 10731 the print shop 22 pro publisherdeluxe sb cs by the print shop,,81.97,28
29,adobe ( r ) photoshop ( r ) 7.0 upgrade for pc,,679.99,29
30,microsoft office basic edition 2003 license and media,,124.95,30
31,aust-0150-005 employee appraiser deluxe v. 5.0 complete package 1 user download -,,231.81,31
32,microsoft word 2004 upgrade for mac os x apple & mac software,,108.95,32
33,adobe illustrator cs3 ( mac ),,599.0,33
34,reader rabbit 1st grade,,17.9,34
35,adobe cs3 after effects upgrade,,306.99,35
36,microsoft w87-02380 office sbe 2007 win32,,400.34,36
37,filemaker pro 8.5,,285.99,37
38,punch software 14100 punch ! professional home design suite for windows,punch software,62.99,38
39,adobe ( r ) photoshop ( r ) album 1.0,,49.88,39
40,adobe cs3 after effects academic,,329.99,40
41,emedia music corp emedia blues guitar legends,,24.81,41
42,geometry ( win/mac ) ( jewel case ) ( 10158 ),,9.59,42
43,microsoft windows xp home edition sp2 oem,,95.99,43
44,microsoft office and windows training professional,,29.99,44
45,web easy ( r ) professional 6,,49.99,45
46,microsoft ( r ) windows ( r ) xp home edition with sp2,,199.99,46
47,eidos interactive 40022 tomb raider : legend ds 788687400220,,19.8,47
48,punch software pro home design suite,,61.8,48
49,encore inc family tree maker version 16 collectors edition,,85.07,49
50,microsoft microsoft office 2004 software suite mac apple & mac software,,399.95,50
51,punch software 35100 punch ! professional home design suite ( small box ),punch software,62.99,51
52,quickbooks ( r ),,103.99,52
53,total 3d home deluxe ( jewel case ) ( jce-th6 ),,9.59,53
54,adobe ( r ) photoshop ( r ) album 1.0,,49.88,54
55,elementary advantage 2007,,12.95,55
56,adobe soundbooth cs3,,205.99,56
57,sid meiers civilization iii for pc,,7.99,57
58,essential business tools 2.0,,9.95,58
59,encore software 10118 adventure workshop 4th-6th grade 7th ed sb cs by riverdeep,,17.97,59
60,microsoft windows vista ultimate upgrade,,239.95,60
61,adobe indesign cs3 for mac upgrade from pagemaker,,205.99,61
62,microsoft ( r ) office standard 2007,,399.99,62
63,instant immersion spanish 2.0 topics,,19.99,63
64,adobe cs3 design premium upgrade,,619.99,64
65,instant immersion japanese 2.0,,22.43,65
66,cross stitch design studio ( jewel case ) ( 8006 ),m-and-r-technologies,9.59,66
67,microsoft windows vista business ( pc ),,299.99,67
68,microspot macdraft professional edition,,249.99,68
69,adobe systems inc adobe acrobat 8.0 professional upsell ( std-pro ),,157.36,69
70,adobe premiere pro cs3,,825.99,70
71,geometry ( win/mac ) ( jewel case ) ( 10158 ),,9.59,71
72,microsoft money 2007 home and business ( pc ),,89.99,72
73,onone software pxe-11433 pxl smartscale elect 1-user english mac/win,onone software,158.99,73
74,john deere : busy days in deerfield valley by bold games,,21.99,74
75,quickbooks ( r ),,103.99,75
76,adobe premiere pro cs3 upgrade,,308.99,76
77,microsoft word 2007 upgrade ( pc ),,109.95,77
78,adobe cs3 design standard upgrade windows,,413.99,78
79,adobe acrobat professional 7,,350.0,79
80,apple software m9372z/a final cut express 2.0 upgrade,apple software,79.99,80
81,it 's about time products learn the switch to mac,,28.99,81
82,instant immers spanish dlux 2,,36.11,82
83,microsoft molpc isa svr ent ed 2006 25cpu lic 200pt f89-01407,,65644.0,83
84,emedia music corp my guitar,,24.81,84
85,punch software 25100 punch ! master landscape & home design architectural 1 user ( s ) pc,,45.97,85
86,adobe photoshop cs3 for mac,,609.99,86
87,a01-00017 microsoft office publisher 2003 w / microsoft digital image pro 9 complete pa,,218.19,87
88,f-secure internet security 2007 3 pcs ( global marketing partners ),global-marketing-partners,63.35,88
89,topics entertainment instant play guitar deluxe v2 .0,,31.06,89
90,instant immers spanish dlux 2,,36.11,90
91,punch software 41100 punch ! home design architectural series 18,punch software,118.99,91
92,business plan pro ( r ) 2004,,99.87,92
93,adobe illustrator cs3 for mac academic,adobe-education-box,199.99,93
94,nero nero 7 ultra edition enhanced cd/dvd burning software for windows authoring software,,79.99,94
95,adobe premiere pro cs3 software with encore cs3 and onlocation cs3 ( windows only ) full version for macintosh,,723.95,95
96,punch software 14100 punch ! professional home design suite for windows,punch software,62.99,96
97,microsoft microsoft office 2004 software suite mac education apple & mac software,,148.95,97
98,punch software 26100 punch ! master landscape & home design architectural 1 user ( s ) pc,,45.97,98
99,microsoft ( r ) windows ( r ) xp professional edition with sp2,,199.99,99
100,nuance communications inc. dragon ns standard v9,nuance-communications-inc .,92.51,100
101,encore inc adventure workshop 4th-6th grade 8th edition,,17.1,101
102,punch software 85100 punch!master landscape pro v10 and home design,,59.97,102
103,poetry fiction and drama ( win/mac ) ( jewel case ) ( 10172 ),,9.59,103
104,microsoft office visio standard 2007 upgrade ( pc ),,129.95,104
105,elementary school success deluxe 2006,,12.95,105
106,punch software 20100 punch ! 5 in 1 home design,punch software,35.99,106
107,microsoft academic microsoft office project 2003 professional,,176.99,107
108,29270077 adobe creative suite 3 web standard product upgrade package 1 user upgrade,,843.15,108
109,phase one capture-one pro dslr raw image editing software for macintosh & windows .,,399.95,109
110,microsoft ( r ) windows ( r ) xp home edition with sp2,,199.99,110
111,mcafee internet security 7.0,,69.99,111
112,microsoft windows vista business 32-bit oem,,149.99,112
113,individual software professor teaches windows xp,,19.99,113
114,adobe acrobat v8 .0 professional for mac academic,adobe-education-box,159.99,114
115,microsoft office 2004 software suite oem mac apple & mac software,,239.95,115
116,apple . mac 4.0 1yr new or renewal internet service,,99.99,116
117,microsoft digital image suite plus full version of photo editing software for windows .,,89.95,117
118,adobe cs3 design standard upgrade windows,,413.99,118
119,instant immers french dlx 2,,27.57,119
120,math success deluxe 2006,,12.9,120
121,software cinema dvd-rom : dvdrom : photoshop cs2 advanced techniques ( training ) photoshop software,,159.95,121
122,encore inc print shop 22 pro publisher deluxe,,85.07,122
123,mcafee virusscan plus 2007 ( pc ),,39.99,123
124,instant immersion translator deluxe 2.0,,22.9,124
125,adobe photoshop elements 5.0 plus adobe premiere elements 3.0 Ã¢ ?? with teacher resource center cd,,104.99,125
126,quickbooks pro 2007 3 user,intuit,398.99,126
127,superstart ! science arcade,,8.95,127
128,instant immersion japanese 2.0,,22.43,128
129,nuance dragon naturallyspeaking v. 9.0 professional upgrade,,212.62,129
130,adobe acrobat professional 7,,350.0,130
131,microsoft windows vista business 32-bit oem,,149.99,131
132,emedia music corp emedia intermediate guitar method,,49.21,132
133,adobe photoshop cs3 extended for mac upgrade,,329.99,133
134,make finale allegro software music production software,,164.95,134
135,professor teaches windows xp home & pro,,12.49,135
136,instant architect design suite ( 00ids510cc ),,28.79,136
137,microsoft microsoft office pro 2004 software suite mac apple & mac software,,498.95,137
138,adobe cs3 design premium academic,,575.99,138
139,adobe photoshop cs3 extended for mac upgrade,,329.99,139
140,adobe premiere pro cs3 academic,,339.99,140
141,nova greeting card factory for mac,,41.99,141
142,quicken ( r ) 2004 basic,,29.99,142
143,punch software 41100 punch ! home design architectural series 18,punch software,118.99,143
144,punch software 41100 punch ! home design architectural series 18,punch software,118.99,144
145,pinnacle studio plus v11 video editing software for windows consumer video editing software,,99.95,145
146,musicalis universal guitar workshop,global-software-publishing,12.9,146
147,topics entertainment instant immersion japanese crash course,,6.56,147
148,adobe indesign cs3 for mac,,725.99,148
149,adobe cs3 flash professional academic,,239.99,149
150,adobe creative suite 3 ( cs3 ) web standard 3 windows upsell from dreamweaver or flash,,799.0,150
151,sims 2 pets for mac,,34.99,151
152,phonics success deluxe 2006,,22.9,152
153,world of warcraft burning crusade,,39.99,153
154,topics entertainment instant immersion german audio,,12.05,154
155,adobe illustrator cs3 ( mac ),,599.0,155
156,instant home design 3.0,,15.9,156
157,adobe acrobat v8 .0 professional for mac,,405.99,157
158,the stevie wonder collection,,34.95,158
159,print explosion deluxe 3.0 : mac,,49.99,159
160,diskeeper 2007 professional,,46.95,160
161,steinberg software cubase se 3.0 educational edition,,145.73,161
162,intuit quicken premier 2007 software for windows tax & finance software,,73.95,162
163,software,,112.95,163
164,word mac 2004 upgrade microsoft d48-00488,,97.36,164
165,adobe cs3 design premium,,1865.99,165
166,mastercook deluxe low carb edition,,17.9,166
167,emedia essential bass guitar dvd,,16.95,167
168,topics entertainment instant immersion german audio,,12.05,168
169,knowledge adventure inc. jumpstart world 2nd grade mini box,,16.93,169
170,encore inc 3d home architect landscape designer v 8.0,,25.49,170
171,microsoft windows xp home edition sp2 oem,,95.99,171
172,microsoft windows vista business retail no open box returns,,299.99,172
173,sony vegas movie studio 7 + dvd platinum edition academic,,92.99,173
174,apple logic express 7.2 upgrade from v. 6,apple-computer - ( direct ),99.99,174
175,make finale 2007 software music production software,,429.95,175
176,broderbund mavis beacon teaches typing deluxe17,,36.99,176
177,reel deal casino quest ( win 95 98 me 2000 xp ),,19.95,177
178,encore software 10392 network now ! pro ( win 98 me 2000 xp ),,34.97,178
179,microsoft windows xp home edition sp2 retail box,,199.99,179
180,documenting software architectures : views and beyond by paul clements,,74.99,180
181,apple . mac 4.0 family pack ( new or renewal ),,145.99,181
182,microsoft office outlook 2007,,109.95,182
183,29270055 adobe creative suite 3 web standard complete package 1 user cd win uni,,1056.98,183
184,adobe cs3 design standard upsell,,934.99,184
185,adobe premiere elements 3.0,,89.99,185
186,grass valley edius 4 broadcast video editing software professional editing software,,998.95,186
187,avanquest usa llc pcdefense,,26.11,187
188,mobile media converter ( pc ) pinnacle,,24.99,188
189,topics entertainment instant immersion spanish audio deluxe,,17.55,189
190,individual software jce-wn5 professor teaches windows j/c,individual software,9.99,190
191,19700045 adobe creative suite 3 web premium complete package 1 user cd mac univ,,1691.87,191
192,adobe cs3 flash professional academic,,239.99,192
193,jumpstart advanced 3rd grade ( pc/mac ) knowledge adventure,,19.99,193
194,hewlett packard t1936aa ua0 hp digital sending software 4.0 complete product document management 1 device ( s ) complete product standard multilingual pc,hewlett-packard - ( consumables ),342.97,194
195,punch software 14100 punch ! professional home design suite for windows,punch software,62.99,195
196,punch software 38100 punch ! super home suite ( small box ),punch software,45.99,196
197,instant immersion 33 languages,topics entertainment,43.99,197
198,elementary school success deluxe 2006,,12.95,198
199,adobe cs3 production premium academic,,569.99,199
200,spanish advantage 2007,,28.99,200
201,fallout collection ( dvd-rom ),,24.49,201
202,microsoft windows vista home basic upgrade ( pc ),,99.99,202
203,u84-00101 microsoft windows server 2003 for small business license 5 device cals ope,,303.9,203
204,video studio 11 plus,corel corporation,103.99,204
205,punch software 26100 punch ! master landscape and home design ( small box ),punch software,45.99,205
206,topics entertainment 80542 instant immersion french 2.0 781735805428,,18.2,206
207,aspyr call of duty 2 mac,,47.99,207
208,rhf0211us red hat enterprise linux as premium support red hat enterprise linux as for am,,53937.1,208
209,computrace lojack for laptops 1 yr subscription,,45.99,209
210,encore software 11052 hoyle : classic collection 2006 win 98 me 2000 xp,,18.97,210
211,apple apple mac os x server 10 4 7 10 client,,499.0,211
212,microsoft windows vista business ( pc ),,299.99,212
213,sage software peachtree pro accounting 2007 software for windows tax & finance software,,159.95,213
214,r18-00144 microsoft windows server license & software assurance 1 cal open business,,41.58,214
215,microsoft word 2004 upgrade for mac os x apple & mac software,,108.95,215
216,micromat inc. diskstudio,,43.36,216
217,aspyr the sims 2,,45.99,217
218,punch software professional home design platinum version 10,,99.99,218
219,babwur1151s31 brightstor arcserve backup for windows agent for mac os xw/sp1 v. 11.5 -,,194.34,219
220,microsoft microsoft office 2004 software suite mac education apple & mac software,,148.95,220
221,kutoka interactive 61208 mia 's math adventure : just in time !,kutoka interactive,24.99,221
222,adobe creative suite ( v3 .0 ) design premium mac adobe 19500009,,1482.0,222
223,adobe cs3 web premium,,1659.99,223
224,onone software inc. gpp-55212 upg genuine fractals print pro 5 1u,,66.97,224
225,adobe cs3 production premium upsell,,1234.99,225
226,50411 spy sweeper with antivirus complete package 3 users win,,38.91,226
227,sonicwall 01-ssc-6997 3yr snwl client/server anti-virus 1000u sonicwall client/server anti-virus suite subscription license 3 years 1000 users 0758479069973,,58683.36,227
228,apple software m9953z/a remote desktop 2.2 10 client,apple software,294.99,228
229,bling software limited safekeeper plus,,34.75,229
230,adobe cs3 after effects upgrade,,306.99,230
231,microsoft office 2004 std upgrade,,219.99,231
232,microsoft windows vista business upgrade license 1 pc english,,168.99,232
233,adobe cs3 design premium academic,,575.99,233
234,4px-00078 microsoft system center essentials 2007 license 20 clients win english,,379.43,234
235,microsoft windows vista business full version,,249.95,235
236,punch software punch ! super home suite,,49.95,236
237,production prem cs3 mac upgrad,adobe software,805.99,237
238,total 3d home deluxe ( jewel case ) ( jce-th6 ),,9.59,238
239,adobe cs3 web standard upsell,,819.99,239
240,software,,274.99,240
241,windows vista ultimate upgrade,,259.0,241
242,microsoft ( r ) office ultimate 2007,,539.95,242
243,punch software 41100 punch ! home design architectural series 18,punch software,118.99,243
244,avanquest usa llc partition commander 10,,43.32,244
245,encore inc hoyle solitaire,,7.83,245
246,instant home design 3.0,,15.9,246
247,freeverse software 005 solace ( mac 9.1-9.x 10.1 or higher ),,18.97,247
248,cabprenaen150 ca business protection suite for microsoft small business server premium edition,,666.65,248
249,encore inc print shop 22 pro publisher deluxe,,85.07,249
250,t74-01215 microsoft windows small business server 2003 version upgrade license 5 addit,,186.73,250
251,webroot software 65210 spy sweeper 3 pc,webroot software,31.99,251
252,printshop 20 pro publisher,,34.9,252
253,adobe cs3 design standard academic,,385.99,253
254,arcserve bkup protection suite exch r11 .5 upg-v prod only,,2249.99,254
255,711-00011 microsoft entertainment pack v. 2.0 complete package 1 user pc cd,,23.57,255
256,topics entertainment instant immersion ingles audio deluxe,,17.55,256
257,make printmusic 2006 software music production software,,75.95,257
258,adobe illustrator cs3 upgrade for mac,,206.99,258
259,web easy ( r ) professional 6,,49.99,259
260,adobe cs3 design premium,,1865.99,260
261,emc insignia retrospect server 6,,555.99,261
262,cross stitch design studio ( jewel case ) ( 8006 ),m-and-r-technologies,9.59,262
263,individual software professor teaches office xp,,25.3,263
264,topics entertainment 40248 instant immersion spanish audio book audio book,topics entertainment,23.61,264
265,adobe ( r ) publishing collection 12.0,,995.87,265
266,punch software 17100 punch ! super home suite,punch software,45.99,266
267,adobe cs3 web premium academic,,479.99,267
268,adobe dreamweaver cs3 upgrade windows,,236.74,268
269,adobe cs3 web premium,,1659.99,269
270,photoshow deluxe,,39.92,270
271,microsoft ( r ) money 2004 standard,,29.99,271
272,printshop 20 pro publisher,,34.9,272
273,apple final cut studio 2 upgrade from final cut pro,,699.99,273
274,quicken 2007 premier win cd,intuit,73.99,274
275,adobe premiere pro cs3 academic,,339.99,275
276,emedia eg04025 intermediate guitar method complete package,emedia,53.99,276
277,microsoft windows xp pro sp2 retail,,299.99,277
278,csdc jc212 spanish 1-2-3 on hand software,on-hand-software,9.99,278
279,victory multimedia swolf6r submitwolf v6 .0 9x/me/nt / 2k/xp by trellian llc * free shipping *,,145.0,279
280,sony vegas movie studio + dvd v8 platinum edition video editing software professional editing software,,129.95,280
281,motu digital performer dp5 software music production software,,319.95,281
282,onone software genuine fractals print pro software,,269.99,282
283,microsoft 164-04052,microsoft,90.24,283
284,t74-01215 microsoft windows small business server 2003 version upgrade license 5 addit,,186.73,284
285,sibelius sibelius 5 software educational discount music production software,sibelius-software-ltd .,248.95,285
286,instant immers italian dlux 2 .,,36.11,286
287,money prem 2007 cd minibox,microsoft,63.99,287
288,pg music band in a box software for windows music production software,pg-music-inc .,74.95,288
289,encore software 10568 encore hoyle puzzle & board games 2005 complete product puzzle game 1 user complete product standard pc,,17.97,289
290,adobe photoshop elements 4.0 photo-editing software for mac,,85.95,290
291,quickbooks ( r ),,178.99,291
292,adobe photoshop elements 4.0 photo-editing software for mac,,85.95,292
293,microsoft money 2007 home and business ( pc ),,89.99,293
294,spanish before you know it deluxe,,10.95,294
295,microsoft ( r ) money 2007 premium,,69.99,295
296,middle school success deluxe 2008 ( pc/mac ) topics,,49.99,296
297,quickbooks ( r ),,103.99,297
298,power production storyboard quick 5 software for mac and windows animation software,,299.0,298
299,jumpstart phonics ( jc ),,9.9,299
300,the printshop 20,,19.9,300
301,microsoft office outlook 2007,,109.95,301
302,eu063av aba microsoft windows xp professional license and media 1 user cto english -,,137.09,302
303,sos aggregation company panda antivirus + firewall 2008 3-user,,31.53,303
304,encore software 12360 elementary advantage 2008 win 2000 xp vista,,34.97,304
305,adobe photoshop cs3 extended for mac upgrade,,329.99,305
306,encore software 11290 scrabble complete win 98 me xp,,7.69,306
307,adobe creative suite 3 design standard complete package 1 user academic windows,,369.0,307
308,alsoft diskwarrior for intel,,89.99,308
309,quickbooks ( r ) point of sale 2007 : basic retail management 6.0,,799.99,309
310,bias peak pro 5 software music production software,,499.0,310
311,adobe photoshop cs3 for mac upgrade,,189.99,311
312,orgchart professional 1.3,,39.95,312
313,intuit quickbooks pro 2007 for mac,,185.99,313
314,laughingbird the flash ad creator,,34.99,314
315,microsoft word 2004,,209.99,315
316,instant immersion 33 languages,,47.36,316
317,adobe cs3 design standard upgrade windows,,413.99,317
318,topics entertainment snap ! hair styler studio,,3.44,318
319,cakewalk sonar 5 producer edition music production software,,379.95,319
320,corel ulead videostudio 11 plus video editing and dvd authoring software win authoring software,,129.95,320
321,global marketing partners icopydvds2 ultra by digital wunders,global-marketing-partners,79.9,321
322,instant immersion spanish deluxe 2.0 topics,,39.99,322
323,adobe illustrator cs3 ( mac ),,599.0,323
324,adobe cs3 design standard,,1243.99,324
325,microsoft powerpoint mac 2004 version upgrade,,89.99,325
326,encore software 10075 encore mavis beacon teaches typing v. 17.0 standard typing tutor pc mac,,18.97,326
327,intuit quickbooks pro 2007 for mac,,185.99,327
328,geometry ( win/mac ) ( jewel case ) ( 10158 ),,9.59,328
329,transfer my dvd avanquest usa,,29.95,329
330,adobe after effects professional 7 software for windows effects software,,999.0,330
331,microsoft academic microsoft office project 2003 professional,,176.99,331
332,microsoft word 2007 upgrade ( pc ),,109.95,332
333,microsoft money 2007 home and business ( pc ),,89.99,333
334,microsoft ( r ) windows vista ( tm ) home premium,,239.99,334
335,adobe production premium cs3 software suite for windows professional editing software,,1698.95,335
336,adobe cs3 production premium upsell,,1234.99,336
337,aspyr media inc sims 2 glamour life stuff pack,,23.44,337
338,corel ulead videostudio 11 plus video editing and dvd authoring software win authoring software,,129.95,338
339,adobe cs3 flash professional academic,,239.99,339
340,act ! ( r ) 2006 premium for workgroups,,399.99,340
341,the printshop 20,,19.9,341
342,microsoft ( r ) office standard 2007,,399.99,342
343,cosmic blobs : the lab rat edition by solidworks,,33.99,343
344,home & landscape design center,,8.49,344
345,punch software 41100 punch ! home design architectural series 18 complete product architectural 1 user ( s ) complete product standard english pc,,112.97,345
346,marine aquarium & goldfish screen saver by encore software,,19.99,346
347,microspot interiors ( mac 10.2 or later ),,99.95,347
348,punch software 85100 master landscape professional & home design v 10.0,,61.8,348
349,onone software pps-30212 on1 plug-in suite v. 3.0 for adobe photoshop upgrade image collection/editing/archive pc mac intel-based mac,,274.97,349
350,microsoft ( r ) windows ( r ) xp professional edition with sp2,,199.99,350
351,madison media software aspvms8000 acad vegas movie studio + dvd 8 platinum,sony-pictures-digital-entertainment,81.97,351
352,sims 2 pets for mac,,34.99,352
353,passwords plus v. 1.0 complete package,,28.5,353
354,corel corporation corel wordperfect office x3 pro dvd,,369.09,354
355,microsoft windows vista home basic upgrade ( pc ),,99.99,355
356,microspot macdraft pe personal edition,,85.99,356
357,topics entertainment instant immersion japanese crash course,,6.56,357
358,microsoft word 2004,,209.99,358
359,apple apple mac os x server 10 4 7 10 client,,499.0,359
360,microsoft academic microsoft office project 2003 professional,,176.99,360
361,weekly reader preparing for kindergarten 2008 ( pc/mac ) fogware,,19.99,361
362,hoyle card games,,9.95,362
363,microsoft excel 2004 spreadsheet software mac apple & mac software,,228.95,363
364,adobe photoshop elements 4.0 mac,,79.99,364
365,john deere : welcome to merriweather farm by bold games,global-software-publishing,21.99,365
366,system care ? professional,,49.99,366
367,instant immersion japanese ( audio book ) ( audio book ),,19.95,367
368,personal record keeper 5.0,,8.95,368
369,intego inc internet security barrier x4 antispam edition,,71.75,369
370,now software num50e1r up-to-date & contact v. 5.0 complete product contact management 1 user ( s ) complete product standard mac,,107.97,370
371,now software now up-to-date and contact,,109.99,371
372,ibm ( r ) viavoice ( r ) advanced edition 10,,78.95,372
373,emedia music corp my guitar,,24.81,373
374,quickbooks pro 2007 win,,192.26,374
375,reader rabbit learn to read with phonics ! preschool & kindergarten,,12.95,375
376,sony vegas 6 video editing software professional editing software,sony-pictures-digital-entertainment,99.0,376
377,jumpstart kindergarten ( jc ),,9.9,377
378,quickbooks ( r ),,103.99,378
379,hoyle game collection 4 game pack,,14.95,379
380,quickbooks ( r ),,103.99,380
381,cakewalk sonar 5 producer edition competative upgrade music production software,,299.0,381
382,adobe contribute cs3 upgrade,,82.99,382
383,serious magic visual communicator 2 web presentation software ( windows ) presentation software,,189.95,383
384,stationery design studio ( win 98 me 2000 xp ),,19.99,384
385,apple appleworks 6.2.9 ( mac ),,79.99,385
386,microsoft ( r ) office word 2004 for mac full version,,231.29,386
387,microsoft money 2007 premium ( pc ),,79.99,387
388,encore software 10463 clickart fonts ( 2006 ) by encore,,17.97,388
389,diskeeper 2007 professional,,46.95,389
390,quickbooks pro 2007 3 user,intuit,398.99,390
391,adobe indesign cs3 for mac upgrade from pagemaker,,205.99,391
392,git 40 years of marvel x-men dvd-rom,,42.99,392
393,encore software 13911 3d home architect home & landscape deluxe suite version 9,,33.97,393
394,topics entertainment instant immersion japanese crash course,,6.56,394
395,microsoft ( r ) expression web 1.0,,299.95,395
396,adobe flash cs3 professional ( mac ),,699.0,396
397,the printshop 20,,19.9,397
398,sage ( ptree ) vernfp2007rt premium accounting for nonprofits 2007,,590.35,398
399,microsoft onenote 2007 ( pc ),,99.95,399
400,adobe cs3 design premium,,1865.99,400
401,adobe indesign cs3 for mac upgrade,,205.99,401
402,kiplingers home & business attorney,,29.99,402
403,movies on psp,,15.9,403
404,individual software jce-wn5 professor teaches windows j/c,individual software,9.99,404
405,ubisoft brothers in arms : road to hill 30 ( pc ) thers in ar,,19.99,405
406,apple final cut studio 2 upgrade from final cut pro,,699.99,406
407,aspyr the sims complete collection,,47.99,407
408,internet security suite 2007 home protection pack xl box,,61.06,408
409,microsoft uea-00033 visual studio 2005 team edition for database professionals with msdn premium subscription renewal complete product software development standard 1 user complete product pc - free shipping,,2072.97,409
410,microsoft ( r ) windows vista ( tm ) business,,199.99,410
411,systemsuite 6 ( tm ) professional mini,,49.99,411
412,adobe premiere pro cs3 upgrade,,308.99,412
413,adobe photoshop cs3 ( mac os x v. 10.4.8 ),,649.0,413
414,punch software 26100 punch ! master landscape & home design architectural 1 user ( s ) pc,,45.97,414
415,punch software 17100 punch ! super home suite,punch software,45.99,415
416,microsoft windows vista business upgrade license 1 pc english,,168.99,416
417,microsoft word 2004,,209.99,417
418,usoa289 iris readiris pro v. 11 complete package 1 user win,,110.07,418
419,bias peak le 5 software music production software,,99.0,419
420,garageband jampack rhythm section ( mac ) apple,,99.99,420
421,avery ( r ) designpro ( tm ) deluxe version 5.0,,39.99,421
422,computrace lojack for laptops 1 year license ( win 2000 xp ),,49.95,422
423,instant immersion italian platinum ( win 95 98 me nt 2000 xp ),,129.99,423
424,microsoft office accounting professional 2007 ( pc ),,229.95,424
425,adobe creative suite 3 ( cs3 ) design suite standard upgrade ( upsell ) mac,,859.96,425
426,adobe cs3 design standard upsell,,934.99,426
427,math missions : the race to spectacle city arcade ( grades k-2 ),,8.49,427
428,microsoft ( r ) windows ( r ) xp professional edition with sp2,,199.99,428
429,m-audio pro tools m-powered mpowered 7.3 software music production software,,249.0,429
430,qb credit card kit 3.0,intuit,25.99,430
431,apple software m9953z/a remote desktop 2.2 10 client,apple software,294.99,431
432,adobe photoshop cs3 ( v10 .0 ) mac adobe 13102488,,537.65,432
433,outlook 2007 edu microsoft 543-03865,,50.13,433
434,adobe fireworks cs3,,309.99,434
435,orgchart professional 1.3,,39.95,435
436,11273 hasbro family game collection 2006 complete package 1 user pc cd win,,14.51,436
437,poetry fiction and drama ( win/mac ) ( jewel case ) ( 10172 ),,9.59,437
438,clickart 950000 premier image pack ( dvd-rom ),,48.95,438
439,windows vista business sp microsoft 66j-00063,,272.38,439
440,feral interactive ford racing 2 for os x,,24.0,440
441,cross stitch design studio ( jewel case ) ( 8006 ),m-and-r-technologies,9.59,441
442,adobe cs3 web premium,,1659.99,442
443,blue 's clues preschool,,7.95,443
444,word mac 2004 microsoft d48-00487,,157.18,444
445,emedia music corp my guitar,,24.81,445
446,cto only windows xp pro nc6000,,118.95,446
447,adobe cs3 production premium academic,,569.99,447
448,encore software 10861 family tree maker version 16 collectors edition sb cs,,81.97,448
449,school zone interactive flash action addition & subtraction,,8.8,449
450,adobe dreamweaver cs3,,415.99,450
451,adobe photoshop cs3 extended for mac upgrade,,329.99,451
452,adobe illustrator cs3 ( mac ),,599.0,452
453,instant immersion italian audio ( audio book ),,19.95,453
454,avanquest usa llc spycatcher 2007,,17.5,454
455,adobe photoshop cs3 for mac,,609.99,455
456,topics entertainment instant immersion spanish audio deluxe,,17.55,456
457,custom land designer 3d 7.0,,12.9,457
458,t74-00004 microsoft windows small business server 2003 license 20 additional user cals,,1834.4,458
459,aspyr lego star wars,,29.99,459
460,adobe photoshop elements 4.0 mac academic,adobe-education-box,69.99,460
461,adobe premiere pro cs3,,825.99,461
462,topics entertainment math success deluxe 2008,,31.06,462
463,magix entertainment corp. xtreme photostory on cd and dvd 6,,26.14,463
464,wheel of fortune ( r ),,19.99,464
465,the sky 6 professional edition astronomy software,,189.95,465
466,fallout collection ( dvd-rom ),,24.49,466
467,adobe creative suite 3 ( cs3 ) web standard 3 windows upsell from dreamweaver or flash,,799.0,467
468,marine aquarium & goldfish screen saver by encore software,,19.99,468
469,apple remote desktop 3 desktop management software 10-client edition apple & mac software,,279.95,469
470,vegas + dvd sony,sony-pictures-digital-entertainment,899.99,470
471,webroot software inc 50410 spy sweeper w/antivirus family edition ( small box ) win 2000 xp,,41.97,471
472,emedia essential bass guitar dvd,,16.95,472
473,microsoft windows vista home basic upgrade ( pc ),,99.99,473
474,adobe 42050142 acrobat distiller 6 lnx ret cd u/l lnx,,14967.47,474
475,f309a-g03-11 .0 scansoft paperport professional v. 11 complete package 5 users win -,,841.55,475
476,adobe after effects cs3 professional software for windows effects software,,998.95,476
477,peachtree software vernfpm2008rt sage peachtree premium accounting 2008 for nonprofits multiple user financial management pc - free shipping,,1075.97,477
478,sage ( ptree ) vernfp2007rt premium accounting for nonprofits 2007,,590.35,478
479,national geographic redshift planetarium,,17.9,479
480,sony media software super duper music looper software music production software,sony-media-software,19.95,480
481,microsoft ( r ) office ultimate 2007,,539.95,481
482,adobe cs3 design standard,,1243.99,482
483,mavis beacon teaches typing 16 deluxe,,34.9,483
484,instant immers italian dlux 2 .,,36.11,484
485,adobe cs3 design standard upgrade,,413.99,485
486,eagle games egl 150 tournament poker no limit texas hold 'em,eagle games,7.95,486
487,adobe photoshop cs3 extended for mac academic,,295.99,487
488,encore software 10741 the print shop 22 deluxe sb cs by the print shop,,42.97,488
489,encore software 10653 professor fujis kakuro win 98 me 2000 xp,,7.69,489
490,topics entertainment instant immersion german 2.0,,17.55,490
491,microsoft windows vista business 32-bit oem,,149.99,491
492,adobe photoshop cs3 for mac upgrade,,189.99,492
493,art explosion ( r ) 800000,,79.99,493
494,oem internet security suite 2007 3-user single pack,,32.85,494
495,sibelius sibelius photoscore professional 4,,145.7,495
496,git comic book library collector 's edition vol . 1,,19.99,496
497,microsoft microsoft office 2004 software suite mac education apple & mac software,,148.95,497
498,adobe cs3 design premium academic,,575.99,498
499,emedia music corp emedia intermediate guitar method,,49.21,499
500,tonka search & rescue 2,,7.95,500
501,peachtree ( r ) compatible continuous checks-accounting for windows versions 3.5-7 .0,,121.89,501
502,topics entertainment middle school success essentials,,17.55,502
503,microsoft office 2004 std upgrade,,219.99,503
504,instant immersion italian 2.0,topics entertainment,20.99,504
505,punch software 90500 home design studio mac,punch software,135.99,505
506,instant immersion spanish 2.0 topics,,19.99,506
507,punch software 35100 punch ! professional home design suite ( small box ),punch software,62.99,507
508,19500220 adobe creative suite 3 design premium product upgrade package 1 user upgra,,1687.48,508
509,mcafee internet security suite 2007 3-user ( pc ),,89.99,509
510,aspyr call of duty deluxe,,53.99,510
511,adobe production studio premium software suite video software bundles,,1698.95,511
512,route 66 mobile 7 usa/cdn for windows mobile 5 ( usa-7100-wms ),,143.04,512
513,panda internet security 2007 panda software,,49.99,513
514,microsoft office and windows training professional,,29.99,514
515,adobe premiere pro cs3 upgrade,,308.99,515
516,microsoft excel 2007 ( pc ),,229.95,516
517,sibelius sibelius photoscore professional 4,,145.7,517
518,who wants to be a millionaire sports edition,,8.95,518
519,adobe cs3 design standard upgrade,,413.99,519
520,mediapilot kit,,29.99,520
521,adobe photoshop cs3 for mac upgrade,,189.99,521
522,quickbooks ( r ),,178.99,522
523,microsoft windows xp professional edition ( upgrade ),,199.99,523
524,microsoft ( r ) powerpoint ( r ) 2002 upgrade,,108.87,524
525,microsoft r39-00292 open win svr 2003 ext conn,,1863.78,525
526,symantec 11105975 backup exec 11d for windows servers business pack bundle w / continuous protection server complete package + 1 year essential support 1 server buying programs business pack cd win multi,,600.97,526
527,microsoft ( r ) money 2007 deluxe,,49.99,527
528,quickbooks ( r ),,199.99,528
529,iplaymusic beginner guitar lessons mac,,44.95,529
530,topics entertainment instant immersion italian deluxe 2.0 ( mass merchant box ),,31.06,530
531,microsoft excel 2007 ( pc ),,229.95,531
532,29300183dm adobe creative suite 3 design standard media tlp tlp nonprofit download -,,20.97,532
533,punch software 42100 punch ! home design architectural series 18 ( small box ),punch software,119.99,533
534,20100 punch ! 5 in 1 home design complete package 1 user cd win english,,34.26,534
535,microsoft windows xp professional edition ( upgrade ),,199.99,535
536,jumpstart ( r ) advanced 1st grade,,19.99,536
537,valusoft tune tools for ipod,,21.99,537
538,diskeeper 2007 professional,,46.95,538
539,tri synergy inc test & improve your memory scientific brain training,,24.31,539
540,01-ssc-3377 sonicwall comprehensive gms 24x7 support sonicwall gms standard edition licens,,60374.4,540
541,agatha christie and then there were none e ( pc ) tha christi,,7.99,541
542,punch software 84100 punch ! home design architectural series 4000 v. 10.0 architectural pc,,168.97,542
543,instant immers italian dlux 2 .,,36.11,543
544,system mechanic 6 professional,,36.9,544
545,adobe cs3 design standard,,1243.99,545
546,nova development corp ideasoft photo clip art 10000,,7.81,546
547,print master platinum v17,,29.9,547
548,122-00411 microsoft visual studio 2005 team edition for software testers complete packag,,2184.73,548
549,instant immersion 33 languages,topics entertainment,43.99,549
550,adobe indesign cs3 for mac academic,,192.99,550
551,total 3d home deluxe ( jewel case ) ( jce-th6 ),,9.59,551
552,microsoft ( r ) works suite 2005,,99.99,552
553,math learning system 2007,,15.95,553
554,bias peak le 5 software music production software,,99.0,554
555,total 3d home deluxe ( jewel case ) ( jce-th6 ),,9.59,555
556,microsoft ( r ) frontpage 2002,,169.56,556
557,microsoft virtual pc 7.0 windows xp home,,205.99,557
558,encore software 10741 the print shop 22 deluxe sb cs by the print shop,,42.97,558
559,topics entertainment instant immersion german 2.0,,17.55,559
560,microsoft ( r ) word 2007,,109.99,560
561,microsoft windows xp pro sp2 retail,,299.99,561
562,migo software digital vault 2005,,24.58,562
563,adobe audition 2.0 audio production software educational discount audio software for video,adobe-education-box,148.95,563
564,webroot software inc 50210 spy sweeper w/antivirus family edition ( mass merchant ) win 2000 xp,,41.97,564
565,microsoft office accounting professional 2007 ( pc ),,229.95,565
566,premiere pro cs3 mac,,808.15,566
567,roxio recordnow 9 music lab ( pc ),,29.99,567
568,adobe photoshop elements 4.0 mac,,79.99,568
569,5325302020 snap enterprise data replicator advanced license 1 server linux unix win,,1320.64,569
570,apple final cut studio 2 upgrade from final cut studio,,499.99,570
571,production prem cs3 mac upgrad,,808.15,571
572,adobe cs3 after effects,,1025.99,572
573,adobe ( r ) photoshop ( r ) 7.0 upgrade for pc,,679.99,573
574,microsoft ( r ) works suite 2006,,99.99,574
575,microsoft microsoft office pro 2004 software suite mac apple & mac software,,498.95,575
576,cakewalk sonar 6 studio edition software music production software,,279.95,576
577,pencil-pal big phonics,school-zone-interactive,17.9,577
578,adobe dreamweaver cs3 upgrade windows,,236.74,578
579,adobe indesign cs3 for mac upgrade from pagemaker,,205.99,579
580,computrace lojack for laptops 3 yr subscription,,89.99,580
581,encore software 10891 family tree maker version 16 essential sb cs,,25.97,581
582,quickbooks ( r ),,178.99,582
583,pg music band in a box software for windows music production software,pg-music-inc .,74.95,583
584,sony media software acid pro 6 software music production software,sony-pictures-digital-entertainment,299.95,584
585,punch software 42100 punch ! home design architectural series 18 complete product architectural 1 user ( s ) complete product standard english pc,,108.97,585
586,11105093 symantec web security for microsoft isa server 2004 v. 5.0 media cd -,,16.09,586
587,topics entertainment instant immersion japanese crash course,,6.56,587
588,simply put software llc de905-s data elminator ( win 95 98 me nt 2000 xp ),simply-put-software,34.97,588
589,mcafee internet security 7.0,,69.99,589
590,trudys time & place house,,9.9,590
591,adobe creative suite 3 web standard complete package academic cd mac,,369.0,591
592,microsoft 059-03871 molpc word sa,,111.78,592
593,microsoft onenote 2007 ( pc ),,99.95,593
594,roxio popcorn 2 software for mac av production software,,49.95,594
595,microsoft ( r ) windows ( r ) xp professional edition with sp2,,199.99,595
596,sony vegas 7 + dvd production suite software full version video editing and dvd creation,,426.0,596
597,nova development corp intellimover transfer your pc deluxe,,65.17,597
598,fogware publishing funny faces,,16.93,598
599,punch software 10604 concepts unlimited cad design,,912.97,599
600,cross stitch design studio ( jewel case ) ( 8006 ),m-and-r-technologies,9.59,600
601,adobe pagemaker 7.0 for mac version upgrade,,79.99,601
602,windows sbs premium 2003 r2 upgrade cd/dvd 5clt microsoft t75-01256,,531.25,602
603,east west propack for garageband av production software,,152.96,603
604,punch software 38100 punch ! super home suite ( small box ),punch software,45.99,604
605,the big mix,,36.9,605
606,individual software prm-r12 resumemaker professional 12.0,individual software,29.99,606
607,adobe dreamweaver cs3 upgrade,,205.99,607
608,individual software prm-xw3 professor teaches excel & word,individual software,24.99,608
609,apple ilife '06 software av production software,,79.0,609
610,microsoft office and windows training ( win 98 me nt 2000 xp ),,29.95,610
611,reader rabbit reading learning system 2007,,12.95,611
612,adobe photoshop elements 4.0 photo-editing software for mac,,85.95,612
613,hoyle game collection 4 game pack,,14.95,613
614,olympus pro studio capture software,,149.99,614
615,adobe cs3 production premium,,1749.99,615
616,allume stuffit deluxe 11 os x 10.4 or higher,,79.99,616
617,instant immers spanish dlux 2,,36.11,617
618,269-10040 microsoft office professional edition 2003 service pack v. 2 media vol,,23.53,618
619,adobe cs3 web premium,,1659.99,619
620,topics entertainment instant immersion italian 2.0,,17.55,620
621,laser checks for peachtree ( r ) accounting for windows 8.0-2005,,106.29,621
622,instant immersion language lab deluxe edition,,14.9,622
623,encore software 10025 hoyle card games ( win 98 me 2000 xp ),,7.47,623
624,netopia timbuktu pro for mac single license,,97.99,624
625,microsoft windows services for netware v. 5.0 complete package,,138.17,625
626,adobe illustrator cs3 upgrade from freehand for mac,,206.99,626
627,individual software inc bookkeeper 2008 ( us pos ),,37.19,627
628,encore software 10075 encore mavis beacon teaches typing v. 17.0 standard typing tutor pc mac,,18.97,628
629,adobe cs3 web standard upgrade,,413.99,629
630,punch software 35100 punch ! professional home design suite ( small box ),punch software,62.99,630
631,eq771av aba microsoft windows xp professional license and media 1 user cto english -,,137.09,631
632,encore inc adventure workshop preschool-1st grade 8th edition,,17.1,632
633,adobe indesign cs3 for mac academic,,192.99,633
634,encore software 10119 adventure workshop 4th-6th grade 7th edition win xp,,18.97,634
635,corel ( r ) snapfire ( tm ) plus,,39.99,635
636,phonics success deluxe 2006,,22.9,636
637,print perfect business cards dvd ( pc ) cosmi,,29.99,637
638,designing forms with microsoft office infopath 2007,,36.39,638
639,school zone interactive multiplication & division 3-4 on track software,,9.45,639
640,reader rabbit preschool,the-learning-company,17.9,640
641,adobe ( r ) photoshop ( r ) cs windows full version,,590.92,641
642,cakewalk sonar 5 studio edition music production software,,229.95,642
643,adobe creative suite 3 ( cs3 ) design premium upgrade mac,,569.97,643
644,adobe systems inc 13102124 adobe photoshop cs 2 mac os x v. 10.2.8 to 10.3,adobe systems inc,788.63,644
645,software,,736.95,645
646,microsoft microsoft office pro 2004 software suite mac apple & mac software,,498.95,646
647,microsoft office outlook 2007,,109.95,647
648,microsoft word 2007 upgrade ( pc ),,109.95,648
649,kids power fun for girls,,15.9,649
650,reader rabbit playtime for baby & toddler,,9.9,650
651,the print shop ( r ) 22,,29.99,651
652,adobe cs3 production premium,,1749.99,652
653,mindjet inc. mm7m mindjet mindmanager 7 mac single user w/wmedia,,112.97,653
654,topics entertainment instant immersion hawaiian audio,,12.05,654
655,encore software 10449 high school advantage 2007 win 98 me 2000 xp,,26.97,655
656,microsoft ( r ) windows ( r ) xp home edition with sp2,,199.99,656
657,instant play electric guitar express ( jc ),,12.9,657
658,production prem cs3 mac upgrad,adobe software,805.99,658
659,symantec pcanywhere 11.0 windows,,19.99,659
660,encore inc math advantage 2008,,33.89,660
661,microsoft word 2004,,209.99,661
662,cisco security server agent ( windows and solaris ) 100-agent bundle,cisco-systems-enterprise,64821.43,662
663,south park chef 's luv shack,,6.95,663
664,instant home design 3.0,,15.9,664
665,intuit quicken home and business 2007 software for windows tax & finance software,,89.95,665
666,sage ( ptree ) premium accounting accountants edition 2007,,492.01,666
667,e-mu beat garden x for emulator x and proteus x software modules sounds for software,,69.99,667
668,form workshop 1200,,12.9,668
669,quickbooks ( r ) pro 2003,,299.77,669
670,adobe photoshop cs3 extended complete package 1 user academic cd mac,,279.0,670
671,adobe cs3 web premium upgrade,,517.99,671
672,adobe photoshop cs3 ( v10 .0 ) mac adobe 13102488,,537.65,672
673,oem internet security suite 2007 3-user single pack,,32.85,673
674,adobe creative suite 3 design standard complete package 1 user academic windows,,369.0,674
675,broderbund mavis beacon teaches typing deluxe17,,36.99,675
676,encore software 12411 encore adventure workshop preschool-1st grade 8th edition educational pc,,17.97,676
677,encore software 10691 the print shop 22 sb cs by the print shop,,25.97,677
678,encore inc math advantage 2008,,33.89,678
679,premiere pro cs3 mac upgrade,,320.25,679
680,the beginners bible : noah 's ark activity center : activity center,,9.95,680
681,encore software 14110 jeopardy! deluxe win 2000 xp vista,,18.97,681
682,atari 26162 crusader kings mb,,21.99,682
683,diskeeper 2007 professional,,46.95,683
684,microsoft visual basic . net standard 2003,,108.95,684
685,punch software 14100 punch ! professional home design suite for windows,punch software,62.99,685
686,easy drums,,12.95,686
687,symantec 11859201 be sys recovery 7.0 win sbs ed media cd m/l,,31.98,687
688,the printshop 20,,19.9,688
689,adobe cs3 flash professional,,724.99,689
690,adobe cs3 production premium,,1749.99,690
691,instant immers german dlux 2.0,,36.11,691
692,130-00360 microsoft visual studio team edition 2005 for software architects complete pac,,5121.98,692
693,emedia music corp my guitar,,24.81,693
694,microsoft ( r ) project 2002,,329.99,694
695,mavis beacon teaches typing v17 deluxe pc/mac,,29.9,695
696,microsoft microsoft office 2004 software suite mac apple & mac software,,399.95,696
697,individual software inc total 3d home & landscape deluxe 9,,33.5,697
698,weekly reader preparing for kindergarten 2008 ( pc/mac ) fogware,,19.99,698
699,24100 punch ! 5 in 1 home design complete package 1 user cd win,,36.28,699
700,resume maker professional 12,,17.95,700
701,adobe acrobat 7.0 professional ( education version ) for windows,,154.99,701
702,high school success deluxe 2006,,7.9,702
703,encore inc adventure workshop preschool-1st grade 8th edition,,17.1,703
704,crystal reports xi professional edition complete package,,537.57,704
705,onone software genuine fractals print pro software,,269.99,705
706,instant immersion language lab deluxe edition,,14.9,706
707,diskeeper corporation diskeeper 2007 professional edition complete package 1 workstation academic,,29.99,707
708,microsoft academic microsoft office project 2003 professional,,176.99,708
709,office pro 2007 upgrade microsoft 269-10294,,257.71,709
710,adobe indesign cs3 for mac,,725.99,710
711,adobe after effects professional 7.0 software effects software,,998.95,711
712,microsoft windows server 2003 terminal server cals 20-pack ( per device ),,2429.99,712
713,microsoft office visio standard 2007 upgrade ( pc ),,129.95,713
714,punch software 14100 punch ! professional home design suite for windows,punch software,62.99,714
715,learn2 training for microsoft powerpoint ( win 95 98 me nt 2000 xp ),topics-entertainment-software - ( consignment ),9.99,715
716,software,,736.95,716
717,instant immersion japanese 2.0,,22.43,717
718,home & landscape design center,,8.49,718
719,h & r block taxcut home and business with state and e-file efile software for windows tax & finance software,,73.95,719
720,mariner montage screenwriting software,,125.99,720
721,the printshop v22 deluxe,,29.9,721
722,microsoft ( r ) frontpage 2002,,169.56,722
723,microsoft office visio standard 2007 ( pc ),,249.95,723
724,quickbooks pro 2007 win,,192.26,724
725,imsi design llc turbocad mac 3d,,204.67,725
726,web easy ( r ) professional 6,,49.99,726
727,the sky 6 professional edition astronomy software,,189.95,727
728,brighter minds land before time : kindergarten,brighter-minds-media-inc .,9.99,728
729,individual software professor teaches windows vista,,19.99,729
730,microsoft money 2007 premium ( pc ),,79.99,730
731,adobe 42050106 acrobat distiller svr v6-cd sun 100u,adobe,5399.99,731
732,122-00411 microsoft visual studio 2005 team edition for software testers complete packag,,2184.73,732
733,mavis beacon teaches typing 16 deluxe,,34.9,733
734,adobe cs3 design standard upgrade windows,,413.99,734
735,mcafee internet security 7.0,,69.99,735
736,adobe cs3 design premium upgrade,,619.99,736
737,adobe premiere pro cs3 upgrade,,308.99,737
738,quickbooks pro 2007 3 user,intuit,398.99,738
739,microsoft word 2004,,209.99,739
740,emedia music corp emedia guitar basics,,16.64,740
741,punch software 90500 home design studio mac,punch software,135.99,741
742,microsoft windows server 2003 client additional license for devices 5 pack ( 823930 ),,158.39,742
743,quicken ( r ) premier 2007,,79.99,743
744,19600061dm adobe creative suite 3 production premium media tlp download mac world,,20.97,744
745,intuit quickbooks pro 2007 software for windows tax & finance software,,179.95,745
746,sibelius sibelius photoscore professional 4,,145.7,746
747,restricted area ( win 98 me 2000 xp ),,19.99,747
748,punch software 10602 concepts 2d cad design,,38.97,748
749,adobe photoshop cs3 for mac upgrade,,189.99,749
750,apple shake 4.1 digital compositing software for mac os x effects software,,498.95,750
751,instant immersion japanese ( audio book ) ( audio book ),,19.95,751
752,encore inc elementary advantage 2008,,33.89,752
753,adobe cs3 production premium upsell,,1234.99,753
754,microsoft office 2004 software suite oem mac apple & mac software,,239.95,754
755,microsoft ( r ) mappoint ( r ) 2006,,249.99,755
756,instant immers italian dlux 2 .,,36.11,756
757,production prem cs3 mac upgrad,,808.15,757
758,microsoft windows server 2003 terminal server cals 20-pack ( per device ),,2429.99,758
759,encore software 10443 elementary school advantage 2007 win 98 me 2000 xp,,26.97,759
760,microsoft ( r ) office 2004 for mac standard edition upgrade version,,234.95,760
761,punch software 17100 punch ! super home suite v. 3.0 complete product architectural 1 user complete productcomplete productstandard english pc,,45.97,761
762,final-draft final draft 7 screen writing software mac/win screen writing software,,249.95,762
763,microsoft 394-00416 opens exch svr exconn l/sa qual,,22575.14,763
764,adobe cs3 master collection upsell from cs1,,2054.99,764
765,sony media software acid pro 6 software music production software,sony-pictures-digital-entertainment,299.95,765
766,crystal reports xi developer edition business objects w-1rd-e-wx-00,,400.03,766
767,ma888z/a final cut studio v. 2 version upgrade package 1 seat dvd mac,,460.7,767
768,adobe creative suite ( v3 .0 ) design premium mac adobe 19500009,,1482.0,768
769,bling software limited 05013 123 movies 2 ipod w / av cables umd size,,26.14,769
770,adobe cs3 master collection upsell from cs2,,1437.99,770
771,adobe premiere pro cs3 academic,,339.99,771
772,adobe after effects cs3 professional software for windows effects software,,998.95,772
773,encore software 10443 elementary school advantage 2007 win 98 me 2000 xp,,26.97,773
774,human body 360 megasystems,,29.99,774
775,adobe cs3 design premium academic,,575.99,775
776,microsoft office onenote 2007 complete package 1 pc cd win english,,78.99,776
777,fun for kids featuring disney preschool to kindergarten topics,,29.99,777
778,microsoft powerpoint mac 2004 version upgrade,,89.99,778
779,roxio inc stopzilla 4.0,,26.14,779
780,microsoft mappoint 2006 with gps locator ( pc ),,349.99,780
781,19600061dm adobe creative suite 3 production premium media tlp download mac world,,20.97,781
782,emedia music corp my guitar,,24.81,782
783,29180162 adobe photoshop elements 4.0 plus adobe premiere elements 2.0 complete package,,138.28,783
784,adobe acrobat v8 .0 professional for mac upgrade,,145.99,784
785,sony creative software sf9006 sound forge 9 boxed upgrade sound editing s/w,,127.97,785
786,emc cz24h6175 emc retrospect 7.5 client 5pk windows emc insignia retrospect clients v. 7.5 upgrade package 5 clients cd win 0093156011419,,47.26,786
787,system mechanic 6 professional,,36.9,787
788,jumpstart phonics ( jc ),,9.9,788
789,microsoft office visio standard 2007 ( pc ),,249.95,789
790,encore software 11191 scrabble sb cs by hasbro,,17.97,790
791,microsoft windows services for netware v. 5.0 complete package,,138.17,791
792,24100 punch ! 5 in 1 home design complete package 1 user cd win,,36.28,792
793,quicken home and business 2007 ( pc ) intuit,,89.99,793
794,microsoft onenote 2007 ( pc ),,99.95,794
795,adobe creative suite 3 ( cs3 ) design suite standard upgrade ( upsell ) mac,,859.96,795
796,computrace lojack for laptops 3 yr subscription,,89.99,796
797,apple software t9161ll/a logic platinum / gold 5 & 6 to logic pro 6 update,apple software,149.0,797
798,punch software 90500 home design studio mac,punch software,135.99,798
799,punch software 20100 punch ! 5 in 1 home design,punch software,35.99,799
800,adobe production premium cs3 software suite for mac av production software,,1698.95,800
801,instant immersion italian audio ( audio book ),,19.95,801
802,adobe premiere pro cs3,,825.99,802
803,microsoft money 2007 home and business ( pc ),,89.99,803
804,quickbooks ( r ) pro 2003,,299.77,804
805,mike garson mike garson jazzical suite,,25.77,805
806,encore software 11050 hoyle 4-pack 2006 win 98 me 2000 xp,,18.97,806
807,onone software plug-in suite full,,393.68,807
808,topics entertainment i spy fantasy w / i spy bk & mini cd,,17.55,808
809,adobe cs3 design premium,,1865.99,809
810,elementary advantage 2007,,12.95,810
811,punch software 90500 home design studio mac,punch software,135.99,811
812,t74-01215 microsoft windows small business server 2003 version upgrade license 5 addit,,186.73,812
813,microsoft ( r ) works suite 2006,,99.99,813
814,adobe acrobat v8 .0 professional for mac upgrade,,145.99,814
815,instant immers spanish dlux 2,,36.11,815
816,symantec ( tm ) norton internet security ( tm ) 2005 3-user,,119.99,816
817,130-00360 microsoft visual studio team edition 2005 for software architects complete pac,,5121.98,817
818,topics entertainment instant immersion german audio,,12.05,818
819,global software a2663m2h amazing animals w/zoofari games win 95 98 me xp/mac 8.6-9.x ( classic ) x v10 .1 or higher,,8.79,819
820,punch software 41100 punch ! home design architectural series 18,punch software,118.99,820
821,adobe after effects ( v7 .0 ) pro mac up pro-pro adobe 12070227,,185.32,821
822,sony pc video game the station access collection dvd-rom,sony-creative-software,4.99,822
823,. mac ( mac ) apple,,99.99,823
824,punch software 20100 punch ! 5 in 1 home design,punch software,35.99,824
825,adobe dreamweaver cs3 upgrade,,205.99,825
826,adobe cs3 flash professional upgrade,,205.99,826
827,quickstart photo montage studio,,9.95,827
828,individual software inc total 3d home & landscape deluxe 9,,33.5,828
829,adobe creative suite 3 ( cs3 ) design suite standard upgrade ( upsell ) mac,,859.96,829
830,microsoft office 2004 software suite oem mac apple & mac software,,239.95,830
831,adobe flash cs3 professional complete package 1 user academic cd windows,,229.0,831
832,sound studio 3 for mac,,79.99,832
833,encore inc 3d home architect landscape design deluxe v 9.0,,25.49,833
834,microsoft office outlook 2007,,109.95,834
835,intego contentbarrier x4 10.4,,54.99,835
836,microsoft ( r ) works suite 2005,,99.99,836
837,encore software 13781 westward,,17.97,837
838,individual software prm-wn5 professor teaches windows xp,individual software,24.99,838
839,nuance communications inc. upgrade to dragon naturallyspeaking v8 legal solutions from professional v6 and up ( govt ) olp a590a-sf2-8 .0,,314.0,839
840,cakewalk sonar 6 studio edition software music production software,,279.95,840
841,microsoft windows terminal server 2003 client additional license for users - 5 user ( 824048 ),,719.04,841
842,encore inc hoyle solitaire,,7.83,842
843,instant immers french dlx 2,,27.57,843
844,adobe cs3 web standard academic,,389.99,844
845,aspyr call of duty 2 mac,,47.99,845
846,jaws unleashed,,7.95,846
847,apple final cut studio 2 upgrade from final cut studio,,499.99,847
848,microsoft windows vista business ( pc ),,299.99,848
849,apple logic express 7.2 upgrade from v. 6,apple-computer - ( direct ),99.99,849
850,adobe pagemaker 7.0 for mac version upgrade,,79.99,850
851,aspyr the sims complete collection,,47.99,851
852,microsoft powerpoint mac 2004 version upgrade,,89.99,852
853,adobe premiere pro cs3 upgrade,,308.99,853
854,instant immersion italian audio ( audio book ),,19.95,854
855,singing coach unlimited electronic learning products,,82.5,855
856,steinberg nuendo 3 music production software,,1999.99,856
857,findex.com inc quickverse mac bible study 2007 white box,,37.18,857
858,studio plus version 11,pinnacle systems,90.99,858
859,punch software 35100 punch ! home design suite professional complete product architectural standard 1 user ( s ) complete product pc,,59.97,859
860,sage software peachtree pro accounting 2007 software for windows tax & finance software,,159.95,860
861,sage ( ptree ) premium accounting for manufacturing 2007 multi-user,,1180.37,861
862,valusoft tune tools for ipod,,21.99,862
863,viva media llc learn to play chess with fritz & chesster,,26.14,863
864,sony media software sound forge audio studio 9 software music production software,,69.95,864
865,instant immersion translator deluxe 2.0,,22.9,865
866,word mac 2004 upgrade microsoft d48-00488,,97.36,866
867,total training for adobe creative suite 3 design premium,,279.95,867
868,ilford studio software for pc ( windows 2000 pro xp pro ),,699.99,868
869,adobe creative suite 3 ( cs3 ) design premium upgrade mac,,569.97,869
870,adobe cs3 design premium upgrade,,619.99,870
871,01-ssc-6639 sonicwall email compliance subscription subscription license 1 year 1 se,,176.38,871
872,bias peak le 5 software music production software,,99.0,872
873,05090 registry repair 2005 complete package 1 user cd win,,24.59,873
874,quickbooks pro 2007 win,,192.26,874
875,enteractive inc fps creator,,44.58,875
876,adobe illustrator cs3 for mac,,619.99,876
877,microsoft money 2007 home and business ( pc ),,89.99,877
878,peachtree ( r ) compatible continuous checks-accounting for windows versions 3.5-7 .0,,91.59,878
879,adobe cs3 production premium,,1749.99,879
880,adobe acrobat v8 .0 professional for mac,,405.99,880
881,the print shop ( r ) 22,,29.99,881
882,mavis beacon teaches typing v17 deluxe pc/mac,,29.9,882
883,individual software prm-wn5 professor teaches windows xp,individual software,24.99,883
884,microsoft ( r ) money 2004 standard,,29.99,884
885,corel ulead videostudio 11 plus video editing and dvd authoring software win authoring software,,129.95,885
886,orion/imaginova starry night screensaver,,16.27,886
887,apple apple mac os x server 10 4 7 10 client,,499.0,887
888,steinberg wavelab studio 6 audio editing software educational discount music production software,,149.95,888
889,resco explorer 2007 for pocketpc windows mobile software for pocket pc,,29.95,889
890,apple mac os x server tiger unlimited apple & mac software,,998.95,890
891,apple iwork '06,,79.99,891
892,csi : crime scene investigation,,10.95,892
893,adobe cs3 after effects upgrade,,306.99,893
894,jumpstart 1st grade ( jc ),,9.9,894
895,emc insignia retrospect workgroup 6,,349.99,895
896,the printshop 20,,19.9,896
897,steinberg cubase studio 4 software educational discount music production software,,179.95,897
898,topics entertainment instant immersion spanish audio deluxe,,17.55,898
899,diskeeper 2007 professional,,46.95,899
900,apple software m9953z/a remote desktop 2.2 10 client,apple software,294.99,900
901,emc insignia retrospect server 6.0 for mac upgrade,,285.99,901
902,steinberg cubase 4 software competitive crossgrade music production software,,399.99,902
903,dvo enterprises inc. cookn cd recipe cards,,17.55,903
904,instant immersion 33 languages,topics entertainment,43.99,904
905,punch software 25100 punch ! master landscape and home design,punch software,45.99,905
906,sibelius photoscore professional scanning software music production software,sibelius-software-ltd .,179.95,906
907,encore inc 3d home architect landscape designer v 8.0,,25.49,907
908,webroot software 65210 spy sweeper 3 pc,webroot software,31.99,908
909,adobe photoshop cs3 extended complete package 1 user academic cd windows,,279.0,909
910,adobe cs3 web premium upsell,,1434.99,910
911,adobe illustrator cs3 ( mac ),,599.0,911
912,encore 10025 hoyle card games for pc,encore,10.0,912
913,punch software master landscape professional & home design v 10.0,,69.99,913
914,post mortem,,7.49,914
915,adobe indesign cs3 for mac upgrade,,205.99,915
916,microsoft ( r ) money 2007 deluxe,,49.99,916
917,adobe dreamweaver cs3 upgrade,,205.99,917
918,microsoft office 2004 std upgrade,,219.99,918
919,high school world history ( pc/mac ) fogware,,9.99,919
920,microsoft money 2007 premium ( pc ),,79.99,920
921,treasure mountain,,8.95,921
922,adobe photoshop lightroom,,264.99,922
923,adobe illustrator cs3 upgrade for mac,,206.99,923
924,instant immers japanese dlx 2 .,,36.11,924
925,ea sports battlefield 1942 : deluxe edition ( pc ) game,,9.99,925
926,punch software 41100 punch ! home design architectural series 18,punch software,118.99,926
927,punch software 10602 concepts 2d cad design,,38.97,927
928,world of rainbow fish ( a9839m2h ),global-software-publishing,19.19,928
929,punch software 26100 punch ! master landscape and home design ( small box ),punch software,45.99,929
930,destineer inc 10316 destineer atari arcade classics action/adventure mac,,17.97,930
931,instant immersion 33 languages,,47.36,931
932,encore software 11430 axis & allies collectors edition win 98 me 2000 xp,,18.97,932
933,encore software 12491 encore kissing canines screen saver,,17.97,933
934,encore software 10741 the print shop 22 deluxe sb cs by the print shop,,42.97,934
935,29300183dm adobe creative suite 3 design standard media tlp tlp nonprofit download -,,20.97,935
936,microsoft word 2004,,209.99,936
937,microsoft ( r ) office word 2004 for mac full version,,231.29,937
938,web easy ( r ) professional 6,,49.99,938
939,business planmaker deluxe,,49.99,939
940,adobe cs3 production premium academic,,569.99,940
941,microsoft ( r ) windows ( r ) xp professional edition with sp2,,199.99,941
942,adobe illustrator cs3 for mac,,619.99,942
943,onone software ice-10770 intellihance pro 4.1 mac/win ( buy now and get free cs3 compatibility upgrades ),onone software,158.99,943
944,math learning system 2007,,15.95,944
945,adobe creative suite 3 ( cs3 ) design premium upgrade mac,,569.97,945
946,microspot macdraft pe personal edition,,85.99,946
947,topics entertainment instant immersion italian 2.0,,17.55,947
948,adobe cs3 flash professional upgrade,,205.99,948
949,adobe contribute cs3 upgrade,,82.99,949
950,quickbooks pro 2007 win,,192.26,950
951,adobe cs3 production premium upgrade,,822.99,951
952,phantom efx reel deal slots mystic forest,,17.24,952
953,intuit inc quicken home inventory manager,,29.78,953
954,aspyr sims 2 nightlife expansion pack,,35.99,954
955,topics entertainment 80542 instant immersion french 2.0 781735805428,,18.2,955
956,dreamcatcher interactive wanted wild willy west,,17.55,956
957,microsoft office outlook 2007,,109.95,957
958,adobe premiere pro cs3,,825.99,958
959,encore inc family tree maker version 16 collectors edition,,85.07,959
960,intuit quickbooks pro 2007 software for mac finance software,,189.95,960
961,adobe cs3 design premium,,1865.99,961
962,microsoft r18-00908 windows server 2003 client access license 20-pack ( per user ),microsoft,688.99,962
963,roxio ( r ) popcorn ( tm ) 2,,49.99,963
964,bias peak pro xt 5 software bundle music production software,,999.0,964
965,topics entertainment 80542 instant immersion french 2.0 781735805428,,18.2,965
966,gods : lands of infinity spec,,16.99,966
967,29180162 adobe photoshop elements 4.0 plus adobe premiere elements 2.0 complete package,,138.28,967
968,adobe indesign cs3 for mac academic,,192.99,968
969,adobe cs3 web standard academic,,389.99,969
970,adobe acrobat professional 7,,350.0,970
971,wg3605 watchguard mobile user vpn complete package 5 users cd win english t,,290.68,971
972,printmaster gold v 17.0 ( win 98 me 2000 xp ),,19.95,972
973,quickbooks ( r ) premier 2003,,499.99,973
974,microsoft windows server 2003 client additional license for devices 5 pack ( 823930 ),,158.39,974
975,adobe photoshop cs3 extended for mac academic,,295.99,975
976,quickbooks ( r ),,199.99,976
977,adobe photoshop elements 4.0 mac,,79.99,977
978,zoo tycoon for windows,,25.99,978
979,instant immersion italian audio ( audio book ),,19.95,979
980,adobe cs3 design premium upgrade,,619.99,980
981,diskeeper 2007 professional,,46.95,981
982,destineer inc 10307 age of mythology ( mac 8.6-9.x ( classic ) x v10 .1 or higher ),,17.97,982
983,motu dp5 software music production software,,499.95,983
984,6809a-g03-11 .0 scansoft paperport v. 11 complete package 5 users win english,,421.17,984
985,apple iwork '06 family pack software apple & mac software,,99.0,985
986,sony media software acid music studio 7 software music production software,,69.95,986
987,dja-00892 microsoft system center essentials 2007 license 1 server win english,,93.25,987
988,microsoft windows vista business 32-bit oem,,149.99,988
989,final-draft final draft av 2.5 screenwriting software mac/win screen writing software,,199.95,989
990,encore software 10072 mavis beacon typing 17 deluxe by broderbund,,33.97,990
991,fl37-p-k2 = cisco ios ipsec 3des product upgrade license upgrade from cisco ios plus,,1488.8,991
992,adobe photoshop cs3 for mac upgrade,,189.99,992
993,sony media software acid pro 5 music production software,,199.95,993
994,math success deluxe 2006,,12.9,994
995,microsoft office basic edition 2003 license and media,,124.95,995
996,re launch piano wizard premier w/49e keystation,,161.99,996
997,avanquest usa llc system care professional,,43.32,997
998,panda software bus sec 2006 3001-5k 2yr b2pbsa6si,,26.0,998
999,encore software 10450 encore high school advantage v. 2007 complete product training/wbt 1 user complete product standard pc,,25.97,999
1000,microsoft ( r ) project standard 2007,,349.95,1000
1001,onone software essentials for adobe photoshop elements version 2 full,,59.33,1001
1002,csdc pop-up stopper professional panicware,,26.14,1002
1003,encore inc 3d home architect landscape design deluxe v 9.0,,25.49,1003
1004,susteen inc datapilot cell phone data transfer suite universal,,67.94,1004
1005,laser checks for peachtree ( r ) accounting for windows 8.0-2005,,106.29,1005
1006,microsoft academic microsoft office project 2003 professional,,176.99,1006
1007,adobe soundbooth cs3 audio editing software windows music production software,,198.95,1007
1008,microsoft office visio standard 2007 upgrade ( pc ),,129.95,1008
1009,punch software 35100 punch ! home design suite professional complete product architectural standard 1 user ( s ) complete product pc,,59.97,1009
1010,instant immersion japanese ( audio book ) ( audio book ),,19.95,1010
1011,adobe audition 2.0 audio production software educational discount audio software for video,adobe-education-box,148.95,1011
1012,adobe photoshop cs3 extended for mac upgrade,,329.99,1012
1013,quickbooks ( r ),,103.99,1013
1014,aspyr prey,,47.99,1014
1015,t74-00004 microsoft windows small business server 2003 license 20 additional user cals,,1834.4,1015
1016,adobe after effects cs3 professional software for mac effects software,,998.95,1016
1017,topics entertainment 40248 instant immersion spanish audio book audio book,topics entertainment,23.61,1017
1018,aspyr media inc enemy territory : quake wars,,47.04,1018
1019,punch software 25100 punch ! master landscape and home design,punch software,45.99,1019
1020,adobe creative suite 3 ( cs3 ) design premium upgrade mac,,569.97,1020
1021,geometry ( win/mac ) ( jewel case ) ( 10158 ),,9.59,1021
1022,drive washer 2005,,24.99,1022
1023,cd374-esk9 = cisco ios enterprise services complete package cd,,1430.53,1023
1024,microsoft windows xp professional edition ( upgrade ),,199.99,1024
1025,production prem cs3 mac upgrad,adobe software,805.99,1025
1026,kaspersky ( r ) internet security 6.0,,76.99,1026
1027,adobe cs3 master collection,,2499.99,1027
1028,adobe cs3 design standard,,1243.99,1028
1029,rainbow fish and the whale,,6.95,1029
1030,adobe cs3 flash professional,,724.99,1030
1031,adobe 22011152 audition2 win retail ue 1u,,296.2,1031
1032,quickbooks pro 2007 win,,192.26,1032
1033,resumemaker premier,,12.95,1033
1034,sony media manager for psp ( 98598 ),sony-computer-entertainment,24.99,1034
1035,apple software m9953z/a remote desktop 2.2 10 client,apple software,294.99,1035
1036,adobe creative suite 3 design standard complete package 1 user academic windows,,369.0,1036
1037,sonicwall gms 1000n-incremental lic upg,sonic-systems-inc .,62920.89,1037
1038,sony media software vegas movie studio + dvd 8 platinum edition,,100.97,1038
1039,topics entertainment instant immersion spanish audio deluxe,,17.55,1039
1040,h & r block taxcut premium federal and state software for windows usb tax & finance software,,29.95,1040
1041,98741h mobile phonetools v. 4.0 complete package 1 user cd win,,18.59,1041
1042,punch software 26100 punch ! master landscape and home design ( small box ),punch software,45.99,1042
1043,adobe premiere pro cs3,,825.99,1043
1044,adobe cs3 design premium upsell,,1639.99,1044
1045,sony media software sound forge audio studio 8 software music production software,sony-pictures-digital-entertainment,69.95,1045
1046,instant immersion 33 languages,topics entertainment,43.99,1046
1047,topics entertainment instant immersion spanish advanced audio,,12.05,1047
1048,microsoft academic microsoft office project 2003 standard,,69.95,1048
1049,internet security suite 2007 home protection pack xl box,,61.06,1049
1050,microsoft microsoft office 2004 software suite mac education apple & mac software,,148.95,1050
1051,adobe cs3 web premium upgrade,,517.99,1051
1052,instant immersion translator deluxe 2.0,,22.9,1052
1053,webroot software 54210 desktop firewall,webroot software,26.99,1053
1054,punch software 26100 punch ! master landscape and home design ( small box ),punch software,45.99,1054
1055,symantec backup exec 11d for windows servers agent for lotus domino server complete package,,772.14,1055
1056,cakewalk sonar home studio 6 software music production software,,99.0,1056
1057,adobe cs3 flash professional academic,,239.99,1057
1058,microspot interiors ( ints3 .6 sb ),,95.95,1058
1059,microsoft excel 2004 spreadsheet software mac apple & mac software,,228.95,1059
1060,office mac 2004 microsoft 731-01002,,331.77,1060
1061,punch software 90500 home design studio mac,punch software,135.99,1061
1062,state standards grade 8,,9.49,1062
1063,microsoft ( r ) office word 2004 for mac full version,,231.29,1063
1064,microsoft ( r ) works suite 2006,,99.99,1064
1065,elementary school success deluxe 2006,,12.95,1065
1066,microsoft office and windows training professional,,29.99,1066
1067,clickart 950000 premier image pack ( dvd-rom ),,48.95,1067
1068,adobe cs3 design premium upgrade,,619.99,1068
1069,19500220 adobe creative suite 3 design premium product upgrade package 1 user upgra,,1687.48,1069
1070,encore inc 3d home architect home design deluxe version 9,,25.49,1070
1071,instant immersion spanish deluxe 2.0 topics,,39.99,1071
1072,encore software 11252 brain food games : cranium collection 2006 win 98 me 2000 xp,,18.97,1072
1073,adobe flash cs3 professional ( mac ),,699.0,1073
1074,adobe cs3 flash professional academic,,239.99,1074
1075,sibelius sibelius 4 software educational discount music production software,sibelius-software-ltd .,249.95,1075
1076,corel intervideo windvd 8 platinum software for windows authoring software,,69.95,1076
1077,marine aquarium & goldfish screen saver by encore software,,19.99,1077
1078,marine aquarium & goldfishscreen saver by encore software,,18.27,1078
1079,microsoft office onenote 2007 complete package 1 pc cd win english,,78.99,1079
1080,adobe cs3 web premium academic,,479.99,1080
1081,global software a0447jch dk smart steps 2nd grade win 95 98 me 2000 xp vista,,9.08,1081
1082,word mac 2004 upgrade microsoft d48-00488,,97.36,1082
1083,microsoft ( r ) word 2007,,109.99,1083
1084,adobe dreamweaver cs3 upgrade,,205.99,1084
1085,c8a-00066 microsoft dynamics crm professional v. 3.0 product upgrade license 20,,9676.92,1085
1086,punch software professional home design platinum version 10,,99.99,1086
1087,sega of america inc rome total war gold edition,sega-of-america-inc .,18.77,1087
1088,adobe after effects ( v7 .0 ) pro mac up pro-pro adobe 12070227,,185.32,1088
1089,adobe cs3 design premium academic,,575.99,1089
1090,microsoft office 2004 student/teacher,,145.99,1090
1091,punch software 84100 punch ! home design architectural series 4000 v. 10.0 architectural pc,,168.97,1091
1092,instant immersion italian 2.0,topics entertainment,20.99,1092
1093,apple appleworks 6.2.9 ( mac ),,79.99,1093
1094,netopia timbuktu pro for mac single license,,97.99,1094
1095,national geographic redshift planetarium,,17.9,1095
1096,final-draft scriptwriter 's suite 2.5 screenwriting software mac/win screen writing software,,279.95,1096
1097,iview mediapro 2.6 media management,,155.99,1097
1098,encore software 10731 the print shop 22 pro publisherdeluxe sb cs by the print shop,,81.97,1098
1099,topics entertainment reference success deluxe 2006,,22.9,1099
1100,encore software 11250 brain food games : cranium collection 2006 win 98 me 2000 xp,,18.97,1100
1101,geometry ( win/mac ) ( jewel case ) ( 10158 ),,9.59,1101
1102,adobe cs3 design premium upgrade,,619.99,1102
1103,902453-007-e rumba unix-hp edition upgrade license 1 user volume level e 1000-1999,,106.48,1103
1104,pinnacle studio v11 video editing software for windows consumer video editing software,,49.95,1104
1105,adobe indesign cs3 for mac upgrade,,205.99,1105
1106,punch software 25100 punch ! master landscape and home design,punch software,45.99,1106
1107,3d home architect landscape v. 8by encore software,,26.36,1107
1108,jumpstart advanced 3rd grade ( pc/mac ) knowledge adventure,,19.99,1108
1109,microsoft office 2004 student/teacher,,145.99,1109
1110,encore software 11141 fate sb cs by wild games,,17.97,1110
1111,punch software 20100 punch ! 5 in 1 home design,punch software,35.99,1111
1112,adobe premiere pro cs3 academic,,339.99,1112
1113,adobe premiere pro cs3,,825.99,1113
1114,microspot interiors version 3.6,,85.99,1114
1115,apple logic express 7.2,,299.99,1115
1116,total 3d home deluxe ( jewel case ) ( jce-th6 ),,9.59,1116
1117,adobe cs3 flash professional upgrade,,205.99,1117
1118,emc insignia retrospect desktop 6 upgrade,,49.99,1118
1119,versacheck ( r ) 2003 platinum,,89.99,1119
1120,intuit quickbooks pro 2007 for mac,,185.99,1120
1121,shrek the third for pc,,19.99,1121
1122,adobe creative suite 3 ( cs3 ) design suite standard upgrade ( upsell ) mac,,859.96,1122
1123,arti funaro electric guitar effects six cassette,,36.67,1123
1124,orgchart professional 1.3,,39.95,1124
1125,microsoft ( r ) frontpage 2002,,169.56,1125
1126,microsoft windows xp pro sp2 retail,,299.99,1126
1127,adobe pagemaker 7.0 for mac version upgrade,,79.99,1127
1128,microsoft windows vista home basic upgrade ( pc ),,99.99,1128
1129,punch software 35100 punch ! professional home design suite ( small box ),punch software,62.99,1129
1130,adobe premiere elements 3 and photoshop elements 5 software for windows consumer video editing software,,149.95,1130
1131,adventure workshop preschool-1st grade 8th edition win,,18.36,1131
1132,topics entertainment instant immersion spanish audio deluxe,,17.55,1132
1133,microsoft excel 2007 ( pc ),,229.95,1133
1134,adobe cs3 design standard upgrade,,413.99,1134
1135,backup exec 10d win adv disk v10 .1 e/f/g / s/i/j / c/k full pk,,309.99,1135
1136,quicken ( r ) 2004 deluxe,,59.99,1136
1137,adobe creative suite 3 ( cs3 ) design suite standard upgrade ( upsell ) mac,,859.96,1137
1138,individual software professor teaches microsoft office 2007,,29.99,1138
1139,topics entertainment instant immersion german 2.0,,17.55,1139
1140,pc-cillin internet security 2007 3-user ( win me 2000 xp ),,49.95,1140
1141,prosafe vpn client software single user netgear inc. vpn01l,,27.78,1141
1142,quickbooks ( r ),,103.99,1142
1143,topics entertainment instant immersion japanese crash course,,6.56,1143
1144,palo alto software mpd9 palo alto marketing plan v. 9.0 pro complete product business planning 1 user complete product standard pc,palo-alto-software,149.97,1144
1145,mcafee inc total protection 2007 3-user,,92.51,1145
1146,adobe dreamweaver cs3 complete package 1 user academic cd windows,,189.0,1146
1147,apple iwork '06 software apple & mac software,,79.0,1147
1148,microsoft ( r ) project standard 2007,,599.95,1148
1149,topics entertainment instant immersion italian deluxe 2.0 ( mass merchant box ),,31.06,1149
1150,quickbooks pro 2007 3 user,,409.52,1150
1151,instant immers spanish dlux 2,,36.11,1151
1152,emc insignia retrospect workgroup 6,,349.99,1152
1153,adobe production premium cs3 software suite for mac av production software,,1698.95,1153
1154,palo alto business plan pro 2007,,83.99,1154
1155,steinberg cubase 4 software educational discount music production software,,349.95,1155
1156,jumpstart phonics ( jc ),,9.9,1156
1157,system care ? professional,,49.99,1157
1158,sound studio 3 for mac,,79.99,1158
1159,webroot software 65210 spy sweeper 3 pc,webroot software,31.99,1159
1160,adobe illustrator cs3 upgrade from freehand for mac,,206.99,1160
1161,punch software 14100 punch ! home design suite professional architectural 1 user ( s ) pc,,59.97,1161
1162,microsoft windows vista ultimate upgrade,,239.95,1162
1163,encore software 13871 tlc reader rabbit 1st grade learning system 2008,,17.97,1163
1164,corel corporation ptr9engpcma ae painter ix win/mac,,89.99,1164
1165,adobe cs3 design premium upsell,,1639.99,1165
1166,instant immersion language lab deluxe edition,,14.9,1166
1167,encore inc 3d home architect landscape design deluxe v 9.0,,25.49,1167
1168,quickbooks ( r ) simple start 2007,,99.99,1168
1169,encore software 10636 3d home architect landscape v. 8by,,25.97,1169
1170,adobe pagemaker 7.0 for mac version upgrade,,79.99,1170
1171,adobe cs3 web standard upgrade,,413.99,1171
1172,microsoft office visio standard 2007 ( pc ),,249.95,1172
1173,microsoft ( r ) project 2002,,329.99,1173
1174,topics entertainment snap ! kakuro,,3.44,1174
1175,microsoft office 2004 student/teacher,,145.99,1175
1176,29270077 adobe creative suite 3 web standard product upgrade package 1 user upgrade,,843.15,1176
1177,microsoft visual basic . net standard 2003,,108.95,1177
1178,sibelius photoscore professional scanning software music production software,sibelius-software-ltd .,179.95,1178
1179,hal leonard allegro 2007 5-user labpack,,272.94,1179
1180,encore software 10561 marine aquarium & goldfish screen saver by,,17.97,1180
1181,me too software i transfer dvds 2 ipod,me-too-software,29.99,1181
1182,calendar creator deluxe 10,,49.87,1182
1183,instant immersion japanese ( audio book ) ( audio book ),,19.95,1183
1184,resume maker professional 12,,17.95,1184
1185,instant immersion language lab deluxe edition,,14.9,1185
1186,microsoft excel 2007 ( pc ),,229.95,1186
1187,freeverse burning monkey mahjong 3d,,24.99,1187
1188,adobe dreamweaver cs3 upgrade,,205.99,1188
1189,autodesk combustion 4.0 compositing software win compositing software,,889.0,1189
1190,scholastic brain play preschool to 1st grade topics,,19.99,1190
1191,microsoft windows vista business ( pc ),,299.99,1191
1192,adobe after effects professional 7 software for windows effects software,,999.0,1192
1193,middle school advantage premier edition ( 15 cd set ),,24.95,1193
1194,i spy spooky mansion deluxe i spy book and mini-cd,,17.9,1194
1195,adobe flash cs3 professional complete package 1 user academic cd windows,,229.0,1195
1196,coreldraw graphics suite x3 upgrade windows,,184.5,1196
1197,adobe cs3 design premium upgrade,,619.99,1197
1198,adobe creative suite 3 design standard complete package 1 user academic windows,,369.0,1198
1199,adobe dreamweaver cs3,,415.99,1199
1200,individual software inc total 3d home & landscape deluxe 9,,33.5,1200
1201,902453-006-g rumba unix-hp edition v. 7.3 upgrade license 1 user volume level g,,93.66,1201
1202,microspot macdraft pe personal edition,,85.99,1202
1203,family tree maker 11 collector 's edition,,34.9,1203
1204,instant immersion italian platinum ( win 95 98 me nt 2000 xp ),,129.99,1204
1205,microsoft academic microsoft office project 2003 professional,,176.99,1205
1206,19700045 adobe creative suite 3 web premium complete package 1 user cd mac univ,,1691.87,1206
1207,microsoft windows vista business ( pc ),,299.99,1207
1208,microsoft office 2004 software suite oem mac apple & mac software,,239.95,1208
1209,internet security suite 2007 home protection pack xl box,,61.06,1209
1210,cluefinders 3rd grade adventures with adapt,,9.95,1210
1211,punch software 84100 punch ! home design architectural series 4000 v. 10.0 architectural pc,,168.97,1211
1212,norton antivirus 2007 3 user pack,,49.95,1212
1213,sony media software acid music studio 7 software music production software,,69.95,1213
1214,adobe cs3 web premium upsell,,1434.99,1214
1215,microspot interiors ( ints3 .6 sb ),,95.95,1215
1216,29270055 adobe creative suite 3 web standard complete package 1 user cd win uni,,1056.98,1216
1217,individual software inc systemsuite 8 professional ( us pos ),,46.42,1217
1218,watchguard wg3900 high availability for firebox ii uk,,226.65,1218
1219,i copydvds 2 professional edition,me-too-software,27.9,1219
1220,the sky 6 professional edition astronomy software,,189.95,1220
1221,instant immersion translator deluxe 2.0,,22.9,1221
1222,emc insignia retrospect desktop 6.x,,89.99,1222
1223,now software nuw45e1k now up-to-date & contact for windows,now software,114.99,1223
1224,pinnacle mobile media organizer software for windows ipod software,,39.95,1224
1225,cross stitch design studio ( jewel case ) ( 8006 ),m-and-r-technologies,9.59,1225
1226,mobile media converter ( pc ) pinnacle,,24.99,1226
1227,adobe dreamweaver cs3 upgrade,,205.99,1227
1228,microsoft office 2004 for students and teachers ( mac ),,134.99,1228
1229,microsoft ( r ) windows vista ( tm ) home premium,,239.99,1229
1230,adobe photoshop elements 4.0 mac,,79.99,1230
1231,adobe photoshop cs3 extended for mac upgrade,,329.99,1231
1232,adobe photoshop cs3 for mac upgrade,,189.99,1232
1233,m109a-g00-4 .0 scansoft pdf converter professional v. 4.0 complete package 1 user w,,87.79,1233
